<?xml version="1.0" encoding="UTF-8"?>
<project-private xmlns="http://www.netbeans.org/ns/project-private/1">
    <editor-bookmarks xmlns="http://www.netbeans.org/ns/editor-bookmarks/2" lastBookmarkId="0"/>
    <open-files xmlns="http://www.netbeans.org/ns/projectui-open-files/2">
        <group>
            <file>file:/T:/ghmxgtm/Atividade1-Linguagens/Atividade1/src/atividade1/Dinheiro.java</file>
            <file>file:/T:/ghmxgtm/Atividade1-Linguagens/Atividade1/src/atividade1/Atividade1.java</file>
            <file>file:/T:/ghmxgtm/Atividade1-Linguagens/Atividade1/src/atividade1/Cliente.java</file>
            <file>file:/T:/ghmxgtm/Atividade1-Linguagens/Atividade1/src/atividade1/Conta.java</file>
        </group>
    </open-files>
</project-private>
