<?xml version="1.0" encoding="UTF-8"?>
<project-private xmlns="http://www.netbeans.org/ns/project-private/1">
    <editor-bookmarks xmlns="http://www.netbeans.org/ns/editor-bookmarks/2" lastBookmarkId="0"/>
    <open-files xmlns="http://www.netbeans.org/ns/projectui-open-files/2">
        <group>
            <file>file:/T:/15.00588-7/Notas/Linguagens%20de%20Programação/Atividade2/Atividade2/src/atividade2/AtividadeSubmarino.java</file>
            <file>file:/T:/15.00588-7/Notas/Linguagens%20de%20Programação/Atividade2/Atividade2/src/atividade2/Produto.java</file>
            <file>file:/T:/15.00588-7/Notas/Linguagens%20de%20Programação/Atividade2/Atividade2/src/atividade2/Pedido.java</file>
            <file>file:/T:/15.00588-7/Notas/Linguagens%20de%20Programação/Atividade2/Atividade2/src/atividade2/Desejos.java</file>
            <file>file:/T:/15.00588-7/Notas/Linguagens%20de%20Programação/Atividade2/Atividade2/src/atividade2/Loja.java</file>
            <file>file:/T:/15.00588-7/Notas/Linguagens%20de%20Programação/Atividade2/Atividade2/src/atividade2/Lista.java</file>
            <file>file:/T:/15.00588-7/Notas/Linguagens%20de%20Programação/Atividade2/Atividade2/src/atividade2/Carrinho.java</file>
            <file>file:/T:/15.00588-7/Notas/Linguagens%20de%20Programação/Atividade2/Atividade2/src/atividade2/IResumo.java</file>
            <file>file:/T:/15.00588-7/Notas/Linguagens%20de%20Programação/Atividade2/Atividade2/src/atividade2/Cliente.java</file>
        </group>
    </open-files>
</project-private>
